use Test

-- Dữ liệu bảng PHAN_QUYEN
INSERT INTO PHAN_QUYEN (MaPQ, TenPQ) VALUES
('PQ01', 'Admin'),
('PQ02', 'Nhân viên'),
('PQ03', 'Khách hàng');

-- Dữ liệu bảng CHUC_VU
INSERT INTO CHUC_VU (MaCV, TenCV, MucLuong) VALUES
('CV01', 'Quản lý cửa hàng', 15000000),
('CV02', 'Nhân viên bán hàng', 8000000),
('CV03', 'Nhân viên kho', 7000000),
('CV04', 'Nhân viên kỹ thuật', 9000000),
('CV05', 'Nhân viên CSKH', 8500000),
('CV06', 'Nhân viên thu ngân', 7500000),
('CV07', 'Nhân viên bảo vệ', 6000000),
('CV08', 'Nhân viên marketing', 10000000),
('CV09', 'Nhân viên giao hàng', 7000000),
('CV10', 'Nhân viên IT', 12000000);

-- Dữ liệu bảng NHAN_VIEN
INSERT INTO NHAN_VIEN (MaNV, TenNV, GioiTinh, DienThoai, CCCD, NgaySinh, MaCV) VALUES
('NV001', 'Nguyễn Văn An', 'Nam', '0912345678', '123456789012', '1990-01-15', 'CV01'),
('NV002', 'Lê Thị Hoa', 'Nữ', '0918765432', '987654321098', '1992-05-10', 'CV02'),
('NV003', 'Trần Văn Bình', 'Nam', '0921345678', '456789123456', '1988-03-20', 'CV03'),
('NV004', 'Phạm Thị Lan', 'Nữ', '0932345678', '789123456789', '1994-04-15', 'CV04'),
('NV005', 'Hoàng Văn Khánh', 'Nam', '0942345678', '321654987321', '1989-07-25', 'CV05'),
('NV006', 'Vũ Thị Mai', 'Nữ', '0952345678', '654321987654', '1991-06-12', 'CV06'),
('NV007', 'Đỗ Văn Dũng', 'Nam', '0962345678', '987654123987', '1993-09-05', 'CV07'),
('NV008', 'Hồ Thị Thu', 'Nữ', '0972345678', '123987456123', '1995-08-18', 'CV08'),
('NV009', 'Ngô Văn Hải', 'Nam', '0982345678', '456123789456', '1996-02-22', 'CV09'),
('NV010', 'Trịnh Thị Hồng', 'Nữ', '0992345678', '789456123789', '1990-12-30', 'CV10'),
('NV011', 'Nguyễn Văn Minh', 'Nam', '0912345679', '123654789123', '1987-11-19', 'CV01'),
('NV012', 'Lê Thị Hạnh', 'Nữ', '0918765433', '654789123654', '1992-01-11', 'CV02'),
('NV013', 'Trần Văn Thành', 'Nam', '0921345679', '987321654987', '1989-03-08', 'CV03'),
('NV014', 'Phạm Thị Huệ', 'Nữ', '0932345679', '321987456321', '1994-07-14', 'CV04'),
('NV015', 'Hoàng Văn Phúc', 'Nam', '0942345679', '654123987654', '1989-10-01', 'CV05'),
('NV016', 'Nguyễn Thị Hà', 'Nữ', '0912345680', '123456789013', '1991-05-18', 'CV06'),
('NV017', 'Vũ Văn Long', 'Nam', '0952345680', '654321987653', '1995-02-28', 'CV07'),
('NV018', 'Hồ Thị Liên', 'Nữ', '0972345680', '789123456128', '1996-06-16', 'CV08'),
('NV019', 'Ngô Văn Sơn', 'Nam', '0982345680', '456123789127', '1997-03-03', 'CV09'),
('NV020', 'Trịnh Thị Thanh', 'Nữ', '0992345680', '321654789126', '1990-08-21', 'CV10'),
('NV021', 'Nguyễn Văn Lâm', 'Nam', '0912345681', '123456789014', '1992-09-12', 'CV01'),
('NV022', 'Lê Thị Thảo', 'Nữ', '0918765434', '654789123655', '1993-10-02', 'CV02'),
('NV023', 'Trần Văn Quang', 'Nam', '0921345681', '987321654988', '1989-11-15', 'CV03'),
('NV024', 'Phạm Thị Dung', 'Nữ', '0932345681', '321987456322', '1994-05-25', 'CV04'),
('NV025', 'Hoàng Văn Tùng', 'Nam', '0942345681', '654123987655', '1990-12-18', 'CV05'),
('NV026', 'Nguyễn Thị Hiền', 'Nữ', '0912345682', '123456789015', '1991-03-19', 'CV06'),
('NV027', 'Vũ Văn Nam', 'Nam', '0952345682', '654321987656', '1992-07-23', 'CV07'),
('NV028', 'Hồ Thị Ngọc', 'Nữ', '0972345682', '789123456129', '1993-06-14', 'CV08'),
('NV029', 'Ngô Văn Hưng', 'Nam', '0982345682', '456123789128', '1995-04-29', 'CV09'),
('NV030', 'Trịnh Thị Anh', 'Nữ', '0992345682', '321654789127', '1996-11-01', 'CV10'),
('NV031', 'Nguyễn Văn Đạt', 'Nam', '0912345683', '123456789016', '1988-08-15', 'CV01'),
('NV032', 'Lê Thị Tuyết', 'Nữ', '0918765435', '654789123656', '1989-02-09', 'CV02'),
('NV033', 'Trần Văn Hậu', 'Nam', '0921345683', '987321654989', '1990-05-13', 'CV03'),
('NV034', 'Phạm Thị Xuân', 'Nữ', '0932345683', '321987456323', '1994-10-26', 'CV04'),
('NV035', 'Hoàng Văn Bảo', 'Nam', '0942345683', '654123987656', '1989-12-10', 'CV05'),
('NV036', 'Nguyễn Thị Mỹ', 'Nữ', '0912345684', '123456789017', '1990-09-22', 'CV06'),
('NV037', 'Vũ Văn Khoa', 'Nam', '0952345684', '654321987657', '1992-06-30', 'CV07'),
('NV038', 'Hồ Thị Diễm', 'Nữ', '0972345684', '789123456130', '1994-01-27', 'CV08'),
('NV039', 'Ngô Văn Duy', 'Nam', '0982345684', '456123789129', '1993-04-03', 'CV09'),
('NV040', 'Trịnh Thị Giang', 'Nữ', '0992345684', '321654789128', '1995-11-30', 'CV10'),
('NV041', 'Nguyễn Văn Khôi', 'Nam', '0912345685', '123456789018', '1987-12-07', 'CV01'),
('NV042', 'Lê Thị Thùy', 'Nữ', '0918765436', '654789123657', '1989-01-19', 'CV02'),
('NV043', 'Trần Văn Hiếu', 'Nam', '0921345685', '987321654990', '1991-04-17', 'CV03'),
('NV044', 'Phạm Thị Hà', 'Nữ', '0932345685', '321987456324', '1993-05-21', 'CV04'),
('NV045', 'Hoàng Văn Lộc', 'Nam', '0942345685', '654123987657', '1988-03-11', 'CV05'),
('NV046', 'Nguyễn Thị Thanh', 'Nữ', '0912345686', '123456789019', '1990-06-02', 'CV06'),
('NV047', 'Vũ Văn Phong', 'Nam', '0952345686', '654321987658', '1992-11-23', 'CV07'),
('NV048', 'Hồ Thị Yến', 'Nữ', '0972345686', '789123456131', '1994-10-20', 'CV08'),
('NV049', 'Ngô Văn Hạnh', 'Nam', '0982345686', '456123789130', '1993-07-05', 'CV09'),
('NV050', 'Trịnh Thị Trâm', 'Nữ', '0992345686', '321654789129', '1996-08-16', 'CV10');

-- Dữ liệu bảng KHACH_HANG
INSERT INTO KHACH_HANG (MaKH, TenKH, Email, SDT, GioiTinh, NgaySinhKH, DiaChi) VALUES
('KH001', 'Nguyễn Văn Hải', 'hai.nguyen@gmail.com', '0901234567', 'Nam', '1985-01-15', '123 Nguyễn Trãi, Hà Nội'),
('KH002', 'Lê Thị Hương', 'huong.le@gmail.com', '0902345678', 'Nữ', '1990-03-12', '456 Lý Thường Kiệt, Đà Nẵng'),
('KH003', 'Trần Văn Minh', 'minh.tran@gmail.com', '0903456789', 'Nam', '1988-07-25', '789 Trần Hưng Đạo, TP.HCM'),
('KH004', 'Phạm Thị Lan', 'lan.pham@gmail.com', '0904567890', 'Nữ', '1993-02-14', '32 Võ Thị Sáu, Cần Thơ'),
('KH005', 'Hoàng Văn Dũng', 'dung.hoang@gmail.com', '0905678901', 'Nam', '1995-09-05', '456 Phan Đình Phùng, Hà Nội'),
('KH006', 'Vũ Thị Mai', 'mai.vu@gmail.com', '0906789012', 'Nữ', '1989-05-18', '12 Hùng Vương, Đà Lạt'),
('KH007', 'Ngô Văn Sơn', 'son.ngo@gmail.com', '0907890123', 'Nam', '1987-11-03', '98 Lê Văn Sỹ, Nha Trang'),
('KH008', 'Đỗ Thị Thanh', 'thanh.do@gmail.com', '0908901234', 'Nữ', '1991-01-22', '78 Nguyễn Huệ, Vũng Tàu'),
('KH009', 'Hồ Văn Phúc', 'phuc.ho@gmail.com', '0909012345', 'Nam', '1986-12-20', '45 Trần Phú, Hải Phòng'),
('KH010', 'Trịnh Thị Hồng', 'hong.trinh@gmail.com', '0900123456', 'Nữ', '1994-03-18', '789 Hoàng Văn Thụ, Đà Nẵng'),
('KH011', 'Nguyễn Văn Lâm', 'lam.nguyen@gmail.com', '0901234568', 'Nam', '1985-06-25', '23 Lê Lợi, Huế'),
('KH012', 'Lê Thị Ngọc', 'ngoc.le@gmail.com', '0902345679', 'Nữ', '1990-10-09', '56 Nguyễn Du, Hà Nội'),
('KH013', 'Trần Văn Hưng', 'hung.tran@gmail.com', '0903456790', 'Nam', '1987-02-17', '45 Trần Nhật Duật, TP.HCM'),
('KH014', 'Phạm Thị Dung', 'dung.pham@gmail.com', '0904567801', 'Nữ', '1992-08-11', '32 Hai Bà Trưng, Đà Nẵng'),
('KH015', 'Hoàng Minh Quang', 'quang.hoang@gmail.com', '0905678912', 'Nam', '1990-04-20', '100 Đường Lê Duẩn, TP.HCM'),
('KH016', 'Nguyễn Thị Bích', 'bich.nguyen@gmail.com', '0906789023', 'Nữ', '1988-07-22', '125 Bạch Mai, Hà Nội'),
('KH017', 'Lê Thị Tuyết', 'tuyet.le@gmail.com', '0907890134', 'Nữ', '1991-06-15', '78 Tôn Đức Thắng, TP.HCM'),
('KH018', 'Trần Minh Đức', 'duc.tran@gmail.com', '0908901245', 'Nam', '1986-11-10', '54 Ngô Quyền, Hải Phòng'),
('KH019', 'Phạm Thanh Tuấn', 'tuan.pham@gmail.com', '0909012356', 'Nam', '1987-03-25', '45 Bùi Viện, TP.HCM'),
('KH020', 'Vũ Minh Thảo', 'thao.vu@gmail.com', '0900123567', 'Nữ', '1993-10-30', '23 Lê Văn Sỹ, Đà Nẵng'),
('KH021', 'Nguyễn Xuân Tùng', 'tung.nguyen@gmail.com', '0901234578', 'Nam', '1989-09-22', '56 Bà Triệu, Hà Nội'),
('KH022', 'Lê Quang Hòa', 'hoa.le@gmail.com', '0902345689', 'Nam', '1991-05-10', '78 Nguyễn Trãi, TP.HCM'),
('KH023', 'Trần Kim Oanh', 'oanh.tran@gmail.com', '0903456791', 'Nữ', '1988-11-02', '125 Phan Đình Phùng, Huế'),
('KH024', 'Phạm Thị Lan', 'lan.pham@gmail.com', '0904567802', 'Nữ', '1990-01-15', '32 Trường Chinh, Đà Nẵng'),
('KH025', 'Hoàng Văn Khải', 'khai.hoang@gmail.com', '0905678923', 'Nam', '1985-04-10', '102 Trần Quốc Toản, TP.HCM'),
('KH026', 'Nguyễn Minh Anh', 'anh.nguyen@gmail.com', '0906789034', 'Nữ', '1989-07-30', '56 Lý Tự Trọng, Nha Trang'),
('KH027', 'Lê Hải Long', 'long.le@gmail.com', '0907890145', 'Nam', '1992-02-08', '125 Nguyễn Văn Cừ, TP.HCM'),
('KH028', 'Trần Mai Phương', 'phuong.tran@gmail.com', '0908901256', 'Nữ', '1993-03-21', '89 Hoàng Quốc Việt, Hà Nội'),
('KH029', 'Phạm Thanh Sơn', 'son.pham@gmail.com', '0909012367', 'Nam', '1990-08-14', '54 Phan Văn Trị, TP.HCM'),
('KH030', 'Vũ Thị Hòa', 'hoa.vu@gmail.com', '0900123678', 'Nữ', '1992-12-01', '125 Lê Thánh Tôn, TP.HCM'),
('KH031', 'Nguyễn Thị Mai', 'mai.nguyen@gmail.com', '0901234589', 'Nữ', '1986-11-30', '45 Hoàng Diệu, Hải Phòng'),
('KH032', 'Lê Minh Tú', 'tu.le@gmail.com', '0902345790', 'Nam', '1993-05-03', '78 Nguyễn Thiện Thuật, TP.HCM'),
('KH033', 'Trần Quang Tùng', 'tung.tran@gmail.com', '0903456901', 'Nam', '1988-06-12', '54 Hồ Tùng Mậu, TP.HCM'),
('KH034', 'Phạm Hoàng Thi', 'thi.pham@gmail.com', '0904567912', 'Nữ', '1991-01-18', '98 Nguyễn Văn Cừ, Hà Nội'),
('KH035', 'Hoàng Hải Nam', 'nam.hoang@gmail.com', '0905679034', 'Nam', '1992-03-17', '23 Phạm Ngọc Thạch, TP.HCM'),
('KH036', 'Nguyễn Thị Tâm', 'tam.nguyen@gmail.com', '0906789145', 'Nữ', '1995-07-25', '78 Nguyễn Du, Đà Nẵng'),
('KH037', 'Lê Thị Ngọc Lan', 'lan.le@gmail.com', '0907890256', 'Nữ', '1989-08-09', '125 Võ Thị Sáu, TP.HCM'),
('KH038', 'Trần Đức Mạnh', 'manh.tran@gmail.com', '0908901367', 'Nam', '1991-05-25', '54 Hàng Bài, Hà Nội'),
('KH039', 'Phạm Huyền Linh', 'linh.pham@gmail.com', '0909012478', 'Nữ', '1992-09-16', '23 Hàng Gai, TP.HCM'),
('KH040', 'Vũ Thành Công', 'cong.vu@gmail.com', '0900123789', 'Nam', '1986-04-22', '56 Nguyễn Trãi, Nha Trang'),
('KH041', 'Nguyễn Thị Tường', 'tuong.nguyen@gmail.com', '0901234690', 'Nữ', '1989-07-20', '45 Nguyễn Công Trứ, TP.HCM'),
('KH042', 'Lê Minh Quân', 'quan.le@gmail.com', '0902345701', 'Nam', '1990-11-14', '78 Lê Lợi, Hà Nội'),
('KH043', 'Trần Thị Lệ', 'le.tran@gmail.com', '0903456812', 'Nữ', '1992-12-05', '23 Trần Phú, TP.HCM'),
('KH044', 'Phạm Hoàng Mai', 'mai.pham@gmail.com', '0904567923', 'Nữ', '1985-10-08', '54 Nguyễn Khuyến, Hà Nội'),
('KH045', 'Hoàng Hồng Sơn', 'son.hoang@gmail.com', '0905678045', 'Nam', '1993-02-23', '125 Bà Triệu, TP.HCM'),
('KH046', 'Nguyễn Thị Thanh', 'thanh.nguyen@gmail.com', '0906789156', 'Nữ', '1988-04-10', '78 Lê Văn Hưu, Đà Nẵng'),
('KH047', 'Lê Quang Hùng', 'hung.le@gmail.com', '0907890267', 'Nam', '1990-06-21', '125 Hoàng Diệu, TP.HCM'),
('KH048', 'Trần Bích Ngọc', 'ngoc.tran@gmail.com', '0908901378', 'Nữ', '1991-02-16', '54 Lý Thường Kiệt, TP.HCM'),
('KH049', 'Phạm Minh Tuấn', 'tuan.pham@gmail.com', '0909012489', 'Nam', '1987-03-19', '23 Phú Nhuận, TP.HCM'),
('KH050', 'Vũ Thị Lan', 'lan.vu@gmail.com', '0900123890', 'Nữ', '1993-10-05', '125 Nguyễn Chí Thanh, Hà Nội');

-- Dữ liệu bảng TÀI KHOẢN
INSERT INTO TAI_KHOAN (MaTK, TenTK, MatKhau, Email, MaKH, MaNV, MaPQ)
VALUES
--Khach hang
('TK001', 'Nguyễn Văn Hải', 'password01', 'hai.nguyen@gmail.com', 'KH001', NULL, 'PQ03'),
('TK002', 'Lê Thị Hương', 'password02', 'huong.le@gmail.com', 'KH002', NULL, 'PQ03'),
('TK003', 'Trần Văn Minh', 'password03', 'minh.tran@gmail.com', 'KH003', NULL, 'PQ03'),
('TK004', 'Phạm Thị Lan', 'password04', 'lan.pham@gmail.com', 'KH004', NULL, 'PQ03'),
('TK005', 'Hoàng Văn Dũng', 'password05', 'dung.hoang@gmail.com', 'KH005', NULL, 'PQ03'),
('TK006', 'Vũ Thị Mai', 'password06', 'mai.vu@gmail.com', 'KH006', NULL, 'PQ03'),
('TK007', 'Ngô Văn Sơn', 'password07', 'son.ngo@gmail.com', 'KH007', NULL, 'PQ03'),
('TK008', 'Đỗ Thị Thanh', 'password08', 'thanh.do@gmail.com', 'KH008', NULL, 'PQ03'),
('TK009', 'Hồ Văn Phúc', 'password09', 'phuc.ho@gmail.com', 'KH009', NULL, 'PQ03'),
('TK010', 'Trịnh Thị Hồng', 'password10', 'hong.trinh@gmail.com', 'KH010', NULL, 'PQ03'),
('TK011', 'Nguyễn Văn Lâm', 'password11', 'lam.nguyen@gmail.com', 'KH011', NULL, 'PQ03'),
('TK012', 'Lê Thị Ngọc', 'password12', 'ngoc.le@gmail.com', 'KH012', NULL, 'PQ03'),
('TK013', 'Trần Văn Hưng', 'password13', 'hung.tran@gmail.com', 'KH013', NULL, 'PQ03'),
('TK014', 'Phạm Thị Dung', 'password14', 'dung.pham@gmail.com', 'KH014', NULL, 'PQ03'),
('TK015', 'Hoàng Minh Quang', 'password15', 'quang.hoang@gmail.com', 'KH015', NULL, 'PQ03'),
('TK016', 'Nguyễn Thị Bích', 'password16', 'bich.nguyen@gmail.com', 'KH016', NULL, 'PQ03'),
('TK017', 'Lê Thị Tuyết', 'password17', 'tuyet.le@gmail.com', 'KH017', NULL, 'PQ03'),
('TK018', 'Trần Minh Đức', 'password18', 'duc.tran@gmail.com', 'KH018', NULL, 'PQ03'),
('TK019', 'Phạm Thanh Tuấn', 'password19', 'tuan.pham@gmail.com', 'KH019', NULL, 'PQ03'),
('TK020', 'Vũ Minh Thảo', 'password20', 'thao.vu@gmail.com', 'KH020', NULL, 'PQ03'),
('TK021', 'Nguyễn Xuân Tùng', 'password21', 'tung.nguyen@gmail.com', 'KH021', NULL, 'PQ03'),
('TK022', 'Lê Quang Hòa', 'password22', 'hoa.le@gmail.com', 'KH022', NULL, 'PQ03'),
('TK023', 'Trần Kim Oanh', 'password23', 'oanh.tran@gmail.com', 'KH023', NULL, 'PQ03'),
('TK024', 'Phạm Thị Lan', 'password24', 'lan.pham@gmail.com', 'KH024', NULL, 'PQ03'),
('TK025', 'Hoàng Văn Khải', 'password25', 'khai.hoang@gmail.com', 'KH025', NULL, 'PQ03'),
('TK026', 'Nguyễn Minh Anh', 'password26', 'anh.nguyen@gmail.com', 'KH026', NULL, 'PQ03'),
('TK027', 'Lê Hải Long', 'password27', 'long.le@gmail.com', 'KH027', NULL, 'PQ03'),
('TK028', 'Trần Mai Phương', 'password28', 'phuong.tran@gmail.com', 'KH028', NULL, 'PQ03'),
('TK029', 'Phạm Thanh Sơn', 'password29', 'son.pham@gmail.com', 'KH029', NULL, 'PQ03'),
('TK030', 'Vũ Thị Hòa', 'password30', 'hoa.vu@gmail.com', 'KH030', NULL, 'PQ03'),
('TK031', 'Nguyễn Thị Mai', 'password31', 'mai.nguyen@gmail.com', 'KH031', NULL, 'PQ03'),
('TK032', 'Lê Minh Tú', 'password32', 'tu.le@gmail.com', 'KH032', NULL, 'PQ03'),
('TK033', 'Trần Quang Tùng', 'password33', 'tung.tran@gmail.com', 'KH033', NULL, 'PQ03'),
('TK034', 'Phạm Hoàng Thi', 'password34', 'thi.pham@gmail.com', 'KH034', NULL, 'PQ03'),
('TK035', 'Hoàng Hải Nam', 'password35', 'nam.hoang@gmail.com', 'KH035', NULL, 'PQ03'),
('TK036', 'Nguyễn Thị Tâm', 'password36', 'tam.nguyen@gmail.com', 'KH036', NULL, 'PQ03'),
('TK037', 'Lê Thị Ngọc Lan', 'password37', 'lan.le@gmail.com', 'KH037', NULL, 'PQ03'),
('TK038', 'Trần Đức Mạnh', 'password38', 'manh.tran@gmail.com', 'KH038', NULL, 'PQ03'),
('TK039', 'Phạm Huyền Linh', 'password39', 'linh.pham@gmail.com', 'KH039', NULL, 'PQ03'),
('TK040', 'Vũ Thành Công', 'password40', 'cong.vu@gmail.com', 'KH040', NULL, 'PQ03'),
('TK041', 'Nguyễn Thị Tường', 'password41', 'tuong.nguyen@gmail.com', 'KH041', NULL, 'PQ03'),
('TK042', 'Lê Minh Quân', 'password42', 'quan.le@gmail.com', 'KH042', NULL, 'PQ03'),
('TK043', 'Trần Thị Lệ', 'password43', 'le.tran@gmail.com', 'KH043', NULL, 'PQ03'),
('TK044', 'Phạm Hoàng Mai', 'password44', 'mai.pham@gmail.com', 'KH044', NULL, 'PQ03'),
('TK045', 'Hoàng Hồng Sơn', 'password45', 'son.hoang@gmail.com', 'KH045', NULL, 'PQ03'),
('TK046', 'Nguyễn Thị Thanh', 'password46', 'thanh.nguyen@gmail.com', 'KH046', NULL, 'PQ03'),
('TK047', 'Lê Quang Hùng', 'password47', 'hung.le@gmail.com', 'KH047', NULL, 'PQ03'),
('TK048', 'Trần Bích Ngọc', 'password48', 'ngoc.tran@gmail.com', 'KH048', NULL, 'PQ03'),
('TK049', 'Phạm Minh Tuấn', 'password49', 'tuan.pham@gmail.com', 'KH049', NULL, 'PQ03'),
('TK050', 'Vũ Thị Lan', 'password50', 'lan.vu@gmail.com', 'KH050', NULL, 'PQ03'),

--Nhan vien
('TK051', 'Nguyễn Văn An', 'password51', 'an.nguyen@gmail.com', NULL, 'NV001', 'PQ01'),
('TK052', 'Lê Thị Hoa', 'password52', 'hoa.le@gmail.com', NULL, 'NV002', 'PQ02'),
('TK053', 'Trần Văn Bình', 'password53', 'binh.tran@gmail.com', NULL, 'NV003', 'PQ02'),
('TK054', 'Phạm Thị Lan', 'password54', 'lan.pham@gmail.com', NULL, 'NV004', 'PQ02'),
('TK055', 'Hoàng Văn Khánh', 'password55', 'khánh.hoang@gmail.com', NULL, 'NV005', 'PQ02'),
('TK056', 'Vũ Thị Mai', 'password56', 'mai.vu@gmail.com', NULL, 'NV006', 'PQ02'),
('TK057', 'Đỗ Văn Dũng', 'password57', 'dung.do@gmail.com', NULL, 'NV007', 'PQ02'),
('TK058', 'Hồ Thị Thu', 'password58', 'thu.ho@gmail.com', NULL, 'NV008', 'PQ02'),
('TK059', 'Ngô Văn Hải', 'password59', 'hai.ngo@gmail.com', NULL, 'NV009', 'PQ02'),
('TK060', 'Trịnh Thị Hương', 'password60', 'huong.trinh@gmail.com', NULL, 'NV010', 'PQ02'),
('TK061', 'Nguyễn Thị Bình', 'password61', 'binh.nguyen@gmail.com', NULL, 'NV011', 'PQ01'),
('TK062', 'Lê Quang Sơn', 'password62', 'son.le@gmail.com', NULL, 'NV012', 'PQ02'),
('TK063', 'Trần Hồng Anh', 'password63', 'anh.tran@gmail.com', NULL, 'NV013', 'PQ02'),
('TK064', 'Phạm Mai Quân', 'password64', 'quan.pham@gmail.com', NULL, 'NV014', 'PQ02'),
('TK065', 'Hoàng Đình Tuấn', 'password65', 'tuan.hoang@gmail.com', NULL, 'NV015', 'PQ02'),
('TK066', 'Nguyễn Mạnh Quân', 'password66', 'quan.nguyen@gmail.com', NULL, 'NV016', 'PQ02'),
('TK067', 'Lê Mạnh Đức', 'password67', 'duc.le@gmail.com', NULL, 'NV017', 'PQ02'),
('TK068', 'Trần Duy Long', 'password68', 'long.tran@gmail.com', NULL, 'NV018', 'PQ02'),
('TK069', 'Phạm Minh Thắng', 'password69', 'thang.pham@gmail.com', NULL, 'NV019', 'PQ02'),
('TK070', 'Vũ Hoàng Nam', 'password70', 'nam.vu@gmail.com', NULL, 'NV020', 'PQ02');

-- Bảng TINH_TRANG
INSERT INTO TINH_TRANG (MaTT, TenTT) VALUES
(1, 'Chờ xác nhận'),
(2, 'Chờ lấy hàng'),
(3, 'Chờ giao hàng'),
(4, 'Đã giao'),
(5, 'Đã hủy');

-- Bảng LOAI_SAN_PHAM
INSERT INTO LOAI_SAN_PHAM (MaLSP, TenLSP) VALUES
('11', 'Acoustic Guitar'),
('12', 'Classic Guitar'),
('13', 'Electric Guitar'),
('21', 'Trống Jazz'),
('22', 'Trống Điện'),
('31', 'Piano Grand'),
('32', 'Piano Upright'),
('41', 'Phụ kiện Guitar'),
('42', 'Phụ kiện Trống');

-- Bảng SAN_PHAM
INSERT INTO SAN_PHAM (MaSP, TenSP, Hang, DVT, Gia, Mota, Hinh, SLSP, MaLSP) VALUES
('AC02', 'Alesis Crimson II', 'Alesis', 'Bộ', 25900000, 'Dàn trống điện tử Alesis Crimson II với tính năng nâng cao, phù hợp cho cả người mới bắt đầu và các chuyên gia.', 'AC02.jpg', 15, 22),
('AC03', 'Alesis Command', 'Alesis', 'Bộ', 25100000, 'Dàn trống điện tử Alesis Command, lý tưởng cho việc luyện tập và biểu diễn.', 'AC03.jpg', 18, 22),
('AN05', 'Alesis Nitro', 'Alesis', 'Bộ', 12900000, 'Dàn trống điện tử Alesis Nitro với thiết kế gọn nhẹ và âm thanh chất lượng dành cho người chơi trống.', 'AN05.png', 20, 22),
('AS01', 'Alesis Surge SE', 'Alesis', 'Bộ', 15800000, 'Dàn trống điện tử Alesis Surge SE với tính năng tuyệt vời, phù hợp cho mọi cấp độ người chơi.', 'AS01.jpg', 12, 22),
('AT06', 'Alesis Turbo', 'Alesis', 'Bộ', 7900000, 'Dàn trống điện tử Alesis Turbo với giá cả phải chăng và chất lượng tốt, lý tưởng cho người mới chơi.', 'AT06.jpg', 25, 22),
('CC04', 'Carlsbro CS', 'Carlsbro', 'Bộ', 8100000, 'Dàn trống điện tử Carlsbro CS với tính năng cơ bản, phù hợp cho việc luyện tập hàng ngày.', 'CC04.jpg', 30, 22),
('CD06', 'Cordoba C7', 'Cordoba', 'Cây', 13550000, 'Đàn guitar cổ điển Cordoba C7 với chất lượng âm thanh tuyệt vời và thiết kế đẹp mắt.', 'CD06.jpg', 8, 12),
('CF07', 'Cordoba Fusion', 'Cordoba', 'Cây', 23150000, 'Guitar cổ điển Cordoba Fusion kết hợp giữa truyền thống và hiện đại, âm thanh mạnh mẽ và dễ chơi.', 'CF07.jpg', 10, 12),
('CP05', 'Cordoba Protégé', 'Cordoba', 'Cây', 6480000, 'Guitar cổ điển Cordoba Protégé với giá trị tuyệt vời cho người mới bắt đầu.', 'CP05.jpg', 15, 12),
('DA01', 'D''Addario TX7AW', 'D''Addario', 'Cặp', 410000, 'Cặp dây đàn guitar D''Addario TX7AW, chất lượng cao với độ bền lâu dài.', 'DA01.jpg', 40, 42),
('DA02', 'D''addario TX5AW', 'D''Addario', 'Cặp', 410000, 'Cặp dây đàn guitar D''Addario TX5AW, mang lại âm thanh sắc nét và độ bền vượt trội.', 'DA02.jpg', 38, 42),
('DA04', 'D''Addario 50A12', 'D''Addario', 'Sợi', 490000, 'Sợi dây đàn guitar D''Addario 50A12, lý tưởng cho các nhạc sĩ chuyên nghiệp.', 'DA04.jpg', 45, 41),
('DE11', 'Evans D''addario EQPB2', 'Evans', 'Miếng', 230000, 'Miếng pad trống Evans D''Addario EQPB2, giúp giảm âm và tăng độ bền cho trống.', 'DE11.jpg', 50, 42),
('DE12', 'Evans D''addario EQPC1', 'Evans', 'Miếng', 250000, 'Miếng pad trống Evans D''Addario EQPC1, hỗ trợ kiểm soát âm thanh và kéo dài tuổi thọ trống.', 'DE12.jpg', 48, 42),
('DS07', 'Daddario Set Elec GTR', 'D''Addario', 'Bộ', 280000, 'Bộ dây đàn guitar điện D''Addario Set Elec GTR, mang lại âm thanh ấm áp và rõ ràng.', 'DS07.jpg', 35, 41),
('DS08', 'Daddario Set Acous XT', 'D''Addario', 'Bộ', 320000, 'Bộ dây đàn guitar acoustic D''Addario Set Acous XT, với âm thanh phong phú và độ bền cao.', 'DS08.jpg', 30, 41),
('EE10', 'Essex EGP-155C', 'Essex', 'Cây', 450000000, 'Đàn piano cơ Essex EGP-155C, kết hợp giữa chất lượng âm thanh tuyệt vời và thiết kế tinh tế.', 'EE10.jpg', 5, 31),
('EL09', 'Elixir 12052', 'Elixir', 'Bộ', 265000, 'Bộ dây đàn guitar Elixir 12052 với lớp phủ bảo vệ, giữ âm thanh rõ nét lâu dài.', 'EL09.jpg', 28, 41),
('EL10', 'Elixir 11027', 'Elixir', 'Bộ', 355000, 'Bộ dây đàn guitar Elixir 11027, mang lại cảm giác chơi mượt mà và độ bền vượt trội.', 'EL10.jpg', 25, 41),
('FA15', 'FENDER ACOUSTICS MINI STAND', 'Fender', 'Chân', 560000, 'Chân đỡ guitar mini Fender, thiết kế nhỏ gọn và dễ dàng mang theo.', 'FA15.jpg', 40, 41),
('FD03', 'Fender Limited Edition', 'Fender', 'Cây', 4780000, 'Guitar Fender Limited Edition, với thiết kế đặc biệt và âm thanh mạnh mẽ.', 'FD03.jpg', 6, 11),
('FDDD', 'Fender', 'Fender', 'Cây', 4000000, 'Guitar Fender với chất lượng âm thanh tuyệt vời và độ bền cao, phù hợp cho người chơi guitar chuyên nghiệp.', 'FDDD.jpg', 8, 11),
('FM16', 'Fender Mini electrics stand', 'Fender', 'Chân', 560000, 'Chân đỡ guitar mini điện Fender, phù hợp với mọi loại guitar điện.', 'FM16.jpg', 35, 41),
('FT01', 'Fender Thin 12 PICK', 'Fender', 'Cái', 150000, 'Mút đàn guitar Fender Thin 12, mang đến cảm giác thoải mái khi chơi đàn.', 'FT01.png', 45, 41),
('JS08', 'Jackson JS', 'Jackson', 'Cây', 8880000, 'Guitar điện Jackson JS với thiết kế mạnh mẽ và âm thanh đặc trưng.', 'JS08.jpg', 5, 13),
('JS09', 'Jackson Limited', 'Jackson', 'Cây', 10800000, 'Guitar điện Jackson Limited Edition, âm thanh sắc nét và thiết kế độc đáo.', 'JS09.jpg', 7, 13),
('KC03', 'Kohler & Campbell KIG50D', 'Kohler & Campbell', 'Cây', 244000000, 'Đàn piano cơ Kohler & Campbell KIG50D với âm thanh tự nhiên và thiết kế sang trọng.', 'KC03.jpg', 4, 31),
('KC04', 'Kohler & Campbell KIG-48', 'Kohler & Campbell', 'Cây', 370000000, 'Piano cơ Kohler & Campbell KIG-48, cho âm thanh trong trẻo và độ bền vượt trội.', 'KC04.jpg', 5, 31),
('KG01', 'Kawai GL-50', 'Kawai', 'Cây', 459900000, 'Piano cơ Kawai GL-50, âm thanh tuyệt vời với cảm giác bàn phím mềm mại và chính xác.', 'KG01.jpg', 3, 31),
('KG02', 'Kawai GL-20', 'Kawai', 'Cây', 375000000, 'Piano Kawai GL-20 với chất lượng âm thanh vượt trội và thiết kế tinh tế.', 'KG02.jpg', 4, 31),
('KG08', 'Kawai GX-2', 'Kawai', 'Cây', 500000000, 'Piano Kawai GX-2, cho âm thanh ấm áp và bàn phím dễ sử dụng, thích hợp cho mọi cấp độ người chơi.', 'KG08.jpg', 3, 31),
('KG09', 'Kawai GX-6', 'Kawai', 'Cây', 790000000, 'Piano cơ Kawai GX-6, âm thanh vượt trội, lý tưởng cho các buổi hòa nhạc và studio.', 'KG09.jpg', 3, 31),
('KK02', 'Kawai K-15E', 'Kawai', 'Cây', 79000000, 'Piano cơ Kawai K-15E với âm thanh mượt mà và độ bền cao, thích hợp cho gia đình và trường học.', 'KK02.jpg', 7, 32),
('KK03', 'Kawai K-300', 'Kawai', 'Cây', 169000000, 'Piano cơ Kawai K-300 với chất lượng âm thanh đỉnh cao và thiết kế tinh tế.', 'KK03.jpg', 6, 32),
('KN01', 'Kawai ND-21', 'Kawai', 'Cây', 90000000, 'Piano cơ Kawai ND-21, âm thanh tuyệt vời và thiết kế dễ dàng sử dụng cho người mới bắt đầu.', 'KN01.jpg', 8, 32),
('LG13', 'Lazer GS-024', 'Lazer', 'Chân', 2300000, 'Chân đỡ guitar Lazer GS-024, thiết kế chắc chắn và dễ dàng điều chỉnh cho các loại guitar khác nhau.', 'LG13.jpg', 30, 41),
('LG14', 'Lazer GH-018', 'Lazer', 'Chân', 120000, 'Chân đỡ guitar Lazer GH-018, giá rẻ và dễ dàng sử dụng cho guitar acoustic và electric.', 'LG14.jpg', 35, 41),
('OC08', 'Odery Cafekit', 'Odery', 'Bộ', 12300000, 'Dàn trống Odery Cafekit với âm thanh tuyệt vời, dễ sử dụng cho cả người mới và người chơi chuyên nghiệp.', 'OC08.jpg', 10, 21),
('OE07', 'Odery EYEDENTITY', 'Odery', 'Bộ', 37000000, 'Dàn trống Odery EYEDENTITY, phù hợp cho biểu diễn và luyện tập chuyên nghiệp.', 'OE07.jpg', 8, 21),
('OF06', 'Odery Fuluence FL', 'Odery', 'Bộ', 35270000, 'Dàn trống Odery Fuluence FL với âm thanh mạnh mẽ và thiết kế hiện đại.', 'OF06.jpg', 6, 21),
('OI04', 'Odery InRock IR', 'Odery', 'Bộ', 17000000, 'Dàn trống Odery InRock IR, mang lại âm thanh tuyệt vời cho người chơi trống.', 'OI04.jpg', 9, 21),
('OI05', 'Odery InRock IIR', 'Odery', 'Bộ', 20720000, 'Dàn trống Odery InRock IIR, chất lượng cao với âm thanh mạnh mẽ, phù hợp cho các buổi biểu diễn.', 'OI05.jpg', 7, 21),
('ON03', 'ONIIX 7A', 'ONIIX', 'Cặp', 110000, 'Cặp dù trống ONIIX 7A với chất liệu cao cấp, bền bỉ, mang lại âm thanh rõ ràng và mạnh mẽ.', 'ON03.jpg', 42, 42),
('PD02', 'Pearl DMP943XP', 'Pearl', 'Bộ', 16200000, 'Dàn trống Pearl DMP943XP với chất lượng âm thanh sắc nét, phù hợp cho các buổi biểu diễn và luyện tập.', 'PD02.jpg', 10, 21),
('PE01', 'Pearl EXA725XSP', 'Pearl', 'Bộ', 14600000, 'Dàn trống Pearl EXA725XSP với thiết kế sang trọng và âm thanh vượt trội, lý tưởng cho các nhạc sĩ chuyên nghiệp.', 'PE01.jpg', 12, 21),
('PR03', 'Pearl Roadshow', 'Pearl', 'Bộ', 12450000, 'Dàn trống Pearl Roadshow với âm thanh mạnh mẽ, chất lượng tốt cho người mới bắt đầu và người chơi trống cấp trung.', 'PR03.jpg', 15, 21),
('PS02', 'Pedal Soundking AL303', 'Soundking', 'Cái', 360000, 'Pedal trống Soundking AL303 với chất lượng cao, giúp kiểm soát tốt âm thanh của trống.', 'PS02.jpg', 40, 41),
('PS03', 'Pedal Soundking AL304', 'Soundking', 'Cái', 520000, 'Pedal trống Soundking AL304 với thiết kế chắc chắn, tạo ra âm thanh mượt mà cho các bộ trống điện tử và acoustic.', 'PS03.jpg', 35, 41),
('RS11', 'Roland SPD-SX-SE', 'Roland', 'Bảng', 25500000, 'Bảng trống Roland SPD-SX-SE với nhiều tính năng tiên tiến, dễ dàng sử dụng và mang lại hiệu suất âm thanh tuyệt vời.', 'RS11.jpg', 20, 22),
('RS12', 'ROLAND SPD-20X', 'Roland', 'Bảng', 12500000, 'Bảng trống Roland SPD-20X, sản phẩm đáng tin cậy cho các nhạc sĩ, với tính năng điều chỉnh âm thanh linh hoạt.', 'RS12.jpg', 22, 22),
('RT07', 'Roland TD-07KV', 'Roland', 'Bộ', 27500000, 'Dàn trống điện Roland TD-07KV với thiết kế hoàn hảo, mang đến âm thanh chất lượng cao và dễ dàng tùy chỉnh.', 'RT07.jpg', 15, 22),
('RT08', 'Roland TD-17KL', 'Roland', 'Bộ', 36600000, 'Dàn trống điện Roland TD-17KL, lý tưởng cho những người chơi trống chuyên nghiệp với tính năng âm thanh vượt trội.', 'RT08.jpg', 12, 22),
('RT09', 'Roland TD-1DMK', 'Roland', 'Bộ', 19000000, 'Dàn trống điện Roland TD-1DMK, thiết kế nhỏ gọn và dễ sử dụng, rất phù hợp cho việc luyện tập hàng ngày.', 'RT09.jpg', 20, 22),
('RT10', 'Roland TD-50K', 'Roland', 'Bộ', 170970000, 'Dàn trống điện Roland TD-50K, chất lượng âm thanh tuyệt vời cho các nhạc sĩ chuyên nghiệp, thiết kế tinh tế và linh hoạt.', 'RT10.jpg', 8, 22),
('SA10', 'Squier Affinity', 'Squier', 'Cây', 7790000, 'Guitar điện Squier Affinity với thiết kế dễ sử dụng, phù hợp cho người mới bắt đầu học chơi đàn guitar.', 'SA10.jpg', 12, 13),
('SD11', 'Soundking DG062', 'Soundking', 'Chân', 544000, 'Chân đỡ guitar Soundking DG062, thiết kế bền bỉ và chắc chắn, dễ dàng điều chỉnh phù hợp với mọi loại guitar.', 'SD11.jpg', 40, 41),
('SJ04', 'Samick JS115D/EBHP', 'Samick', 'Cây', 75000000, 'Đàn guitar Samick JS115D/EBHP với âm thanh sắc nét, thiết kế tinh tế phù hợp cho người chơi guitar chuyên nghiệp.', 'SJ04.jpg', 8, 32),
('SJ05', 'Samick JS121MD/MAHP', 'Samick', 'Cây', 90000000, 'Guitar Samick JS121MD/MAHP với thiết kế độc đáo, âm thanh mạnh mẽ, dành cho những người đam mê guitar.', 'SJ05.jpg', 7, 32),
('SJ06', 'Samick JS121FD', 'Samick', 'Cây', 96000000, 'Đàn guitar Samick JS121FD, với âm thanh tuyệt vời và chất lượng vượt trội, lý tưởng cho các nhạc sĩ chuyên nghiệp.', 'SJ06.jpg', 10, 32),
('SJ07', 'Samick J310B/WHHP', 'Samick', 'Cây', 95000000, 'Guitar Samick J310B/WHHP với âm thanh rõ ràng, thiết kế hiện đại, phù hợp cho các nhạc sĩ biểu diễn trên sân khấu.', 'SJ07.jpg', 9, 32),
('SJ08', 'Samick JS115EB/EBHP', 'Samick', 'Cây', 84500000, 'Guitar Samick JS115EB/EBHP với âm thanh nổi bật và thiết kế tinh xảo, dành cho người chơi guitar chuyên nghiệp.', 'SJ08.jpg', 11, 32),
('SK05', 'Shigeru Kawai SK-2', 'Shigeru Kawai', 'Cây', 115500000, 'Piano cơ Shigeru Kawai SK-2, với âm thanh tuyệt vời, độ nhạy cao và thiết kế hoàn hảo cho các buổi hòa nhạc.', 'SK05.jpg', 4, 31),
('SK06', 'Shigeru Kawai SK-3', 'Shigeru Kawai', 'Cây', 105000000, 'Piano Shigeru Kawai SK-3 với chất lượng âm thanh trong trẻo và thiết kế sang trọng, phù hợp cho những ai yêu thích piano cổ điển.', 'SK06.jpg', 5, 31),
('SK07', 'Shigeru Kawai SK-5', 'Shigeru Kawai', 'Cây', 115400000, 'Piano cơ Shigeru Kawai SK-5, âm thanh tuyệt hảo với độ nhạy hoàn hảo, thích hợp cho nhạc sĩ chuyên nghiệp.', 'SK07.jpg', 4, 31),
('TC12', 'Taylor Compact Folding', 'Taylor', 'Chân', 1200000, 'Chân đỡ đàn guitar Taylor Compact Folding, dễ gấp gọn và tiện lợi khi mang theo trong các buổi biểu diễn.', 'TC12.jpg', 40, 41),
('Test1', 'Takamine GC5 NAT', 'Takamine', 'Bảng', 6500000, 'Guitar Takamine GC5 NAT với âm thanh ấm áp và cân bằng, lý tưởng cho các nhạc sĩ chơi đệm hát.', 'Test1.jpg', 12, 12),
('TG04', 'Tanglewood TWCR', 'Tanglewood', 'Cây', 3210000, 'Guitar acoustic Tanglewood TWCR với thiết kế đẹp mắt, âm thanh trung thực, phù hợp cho người mới học chơi.', 'TG04.jpg', 10, 11),
('TG05', 'Taylor GSM200-06', 'Taylor', 'Sợi', 690000, 'Dây guitar Taylor GSM200-06 với chất liệu cao cấp, mang lại âm thanh sắc nét và dễ dàng bấm hợp âm.', 'TG05.jpg', 50, 41),
('TG06', 'Taylor GSM200-01', 'Taylor', 'Sợi', 690000, 'Dây guitar Taylor GSM200-01 cho âm thanh ấm áp và dễ chơi, là lựa chọn tuyệt vời cho những người yêu thích đàn guitar acoustic.', 'TG06.jpg', 48, 41),
('TL01', 'Taylor 114CE-S', 'Taylor', 'Cây', 22320000, 'Guitar Taylor 114CE-S với thiết kế đẹp và âm thanh tuyệt vời, phù hợp cho những buổi biểu diễn và ghi âm chuyên nghiệp.', 'TL01.jpg', 8, 11),
('ZZ04', 'Zildjian Z5ANA', 'Zildjian', 'Cặp', 250000, 'Cặp cymbal Zildjian Z5ANA với âm thanh sáng và mạnh mẽ, là lựa chọn hoàn hảo cho các buổi diễn và luyện tập.', 'ZZ04.jpg', 40, 42),
('ZZ05', 'Zildjian Z5A', 'Zildjian', 'Cặp', 290000, 'Cặp cymbal Zildjian Z5A mang lại âm thanh sắc nét và dễ điều chỉnh, phù hợp với nhiều thể loại nhạc khác nhau.', 'ZZ05.jpg', 45, 42),
('ZZ06', 'Zildjian Z5ANBU', 'Zildjian', 'Cặp', 300000, 'Cặp cymbal Zildjian Z5ANBU với âm thanh mượt mà và độ bền cao, phù hợp cho các nhạc sĩ chơi nhạc sống.', 'ZZ06.jpg', 42, 42),
('ZZ07', 'Zildjian Z5AND', 'Zildjian', 'Cặp', 300000, 'Cặp cymbal Zildjian Z5AND cho âm thanh rõ ràng và sắc nét, lý tưởng cho các buổi biểu diễn và ghi âm.', 'ZZ07.jpg', 38, 42),
('ZZ08', 'Zildjian Z5ANDP', 'Zildjian', 'Cặp', 300000, 'Cặp cymbal Zildjian Z5ANDP với âm thanh mạnh mẽ, dễ sử dụng, phù hợp với nhiều thể loại âm nhạc.', 'ZZ08.jpg', 40, 42),
('ZZ09', 'Zildjian 5AWN', 'Zildjian', 'Cặp', 250000, 'Cặp cymbal Zildjian 5AWN với thiết kế đặc biệt, mang đến âm thanh mạnh mẽ và phù hợp cho các buổi hòa nhạc lớn.', 'ZZ09.png', 50, 42),
('ZZ10', 'Zildjian Z5BNR', 'Zildjian', 'Cặp', 400000, 'Cặp cymbal Zildjian Z5BNR với âm thanh sắc nét, lý tưởng cho các nhạc sĩ yêu thích âm thanh mạnh mẽ và sáng.', 'ZZ10.jpg', 45, 42);


-- CHI TIẾT SẢN PHẨM
INSERT INTO CT_SAN_PHAM (MaCTSP, GioiThieu, ThongSo, TinhNang, MaSP) VALUES
('CTAC02', 'Dàn trống điện tử Alesis Crimson II, thiết kế đẹp và hiệu suất cao.', 'Kích thước: 45 x 40 x 30 cm, Trọng lượng: 20kg', 'Nhiều chế độ âm thanh, kết nối MIDI', 'AC02'),
('CTAC03', 'Dàn trống điện tử Alesis Command, âm thanh trung thực và độ bền cao.', 'Kích thước: 50 x 45 x 35 cm, Trọng lượng: 22kg', 'Công nghệ Dynamic Articulation, kết nối USB', 'AC03'),
('CTAN05', 'Dàn trống điện tử Alesis Nitro, phù hợp cho người mới chơi.', 'Kích thước: 40 x 35 x 25 cm, Trọng lượng: 18kg', 'Âm thanh chuyên nghiệp, dễ cài đặt', 'AN05'),
('CTAS01', 'Dàn trống điện tử Alesis Surge SE, tính năng hiện đại.', 'Kích thước: 42 x 38 x 28 cm, Trọng lượng: 19kg', 'Kết nối Bluetooth, nhiều chế độ tập luyện', 'AS01'),
('CTAT06', 'Dàn trống điện tử Alesis Turbo, giá rẻ, dễ sử dụng.', 'Kích thước: 38 x 33 x 20 cm, Trọng lượng: 15kg', 'Âm thanh đa dạng, lý tưởng cho người mới bắt đầu', 'AT06'),
('CTCC04', 'Dàn trống điện tử Carlsbro CS, chất lượng âm thanh ổn định.', 'Kích thước: 45 x 40 x 25 cm, Trọng lượng: 16kg', 'Chế độ tự động chỉnh âm, giá thành hợp lý', 'CC04'),
('CTCD06', 'Đàn guitar cổ điển Cordoba C7, thiết kế tinh xảo.', 'Kích thước: 100 x 40 x 10 cm, Trọng lượng: 2kg', 'Gỗ tự nhiên, dây nylon cao cấp', 'CD06'),
('CTCF07', 'Guitar Cordoba Fusion, kết hợp giữa hiện đại và cổ điển.', 'Kích thước: 102 x 41 x 12 cm, Trọng lượng: 2.5kg', 'Âm thanh phong phú, dễ chơi', 'CF07'),
('CTCP05', 'Guitar Cordoba Protégé, lựa chọn hoàn hảo cho người mới.', 'Kích thước: 98 x 38 x 10 cm, Trọng lượng: 2kg', 'Dây nylon, thiết kế đơn giản và bền', 'CP05'),
('CT_DA01', 'Cặp dây đàn guitar D''Addario TX7AW, chất lượng cao.', 'Chất liệu: Nickel-plated Steel; Độ căng: Medium.', 'Độ bền cao, âm thanh phong phú.', 'DA01'),
('CT_DA02', 'Cặp dây đàn guitar D''Addario TX5AW.', 'Chất liệu: Nickel-plated Steel; Độ căng: Light.', 'Âm thanh sắc nét, độ bền vượt trội.', 'DA02'),
('CT_DA04', 'Sợi dây đàn D''Addario 50A12 lý tưởng cho nhạc sĩ chuyên nghiệp.', 'Chất liệu: Phosphor Bronze; Kích thước: .012-.053 inch.', 'Mang lại âm thanh ấm áp và rõ ràng.', 'DA04'),
('CT_DE11', 'Miếng pad trống Evans EQPB2.', 'Kích thước: 4 inch; Chất liệu: Cao su tổng hợp.', 'Giúp giảm âm và tăng độ bền cho trống.', 'DE11'),
('CT_DE12', 'Miếng pad trống Evans EQPC1.', 'Kích thước: 6 inch; Chất liệu: Cao su tổng hợp.', 'Hỗ trợ kiểm soát âm thanh, giảm nhiễu.', 'DE12'),
('CT_DS07', 'Bộ dây đàn guitar điện D''Addario Set Elec GTR.', 'Kích thước: .009-.042 inch; Chất liệu: Nickel-plated Steel.', 'Âm thanh ấm áp và rõ ràng.', 'DS07'),
('CT_DS08', 'Bộ dây đàn guitar acoustic D''Addario Set Acous XT.', 'Kích thước: .012-.053 inch; Chất liệu: Phosphor Bronze.', 'Âm thanh phong phú và độ bền cao.', 'DS08'),
('CT_EE10', 'Đàn piano cơ Essex EGP-155C.', 'Kích thước: 155x150x100 cm; Trọng lượng: 320 kg.', 'Chất lượng âm thanh tuyệt vời, thiết kế tinh tế.', 'EE10'),
('CT_EL09', 'Bộ dây đàn guitar Elixir 12052.', 'Kích thước: .010-.046 inch; Chất liệu: Polyweb coating.', 'Âm thanh rõ nét, độ bền lâu dài.', 'EL09'),
('CT_EL10', 'Bộ dây đàn guitar Elixir 11027.', 'Kích thước: .011-.052 inch; Chất liệu: Nanoweb coating.', 'Cảm giác mượt mà, bảo vệ khỏi ăn mòn.', 'EL10'),
('CT_FA15', 'Chân đỡ guitar mini Fender.', 'Kích thước: 25x20x30 cm; Trọng lượng: 0.5 kg.', 'Thiết kế nhỏ gọn, dễ dàng mang theo.', 'FA15'),
('CT_FD03', 'Guitar Fender Limited Edition.', 'Chất liệu: Alder Body; Neck: Maple.', 'Thiết kế đặc biệt, âm thanh mạnh mẽ.', 'FD03'),
('CT_FDDD', 'Guitar Fender dành cho người chơi chuyên nghiệp.', 'Chất liệu: Ash Body; Neck: Rosewood.', 'Chất lượng âm thanh tuyệt vời, độ bền cao.', 'FDDD'),
('CT_FM16', 'Chân đỡ guitar điện mini Fender.', 'Kích thước: 30x25x35 cm; Trọng lượng: 0.7 kg.', 'Phù hợp mọi loại guitar điện.', 'FM16'),
('CT_FT01', 'Mút đàn guitar Fender Thin 12.', 'Kích thước: 0.73mm; Chất liệu: Nhựa celluloid.', 'Thoải mái khi chơi đàn, âm thanh ổn định.', 'FT01'),
('CT_JS08', 'Guitar điện Jackson JS với thiết kế mạnh mẽ và âm thanh đặc trưng.', 'Chất liệu: Gỗ, Độ dài cần: 25.5 inch, Màu sắc: Đen, Phím: 22, Bộ pickup: HSS', 'Âm thanh mạnh mẽ, thiết kế chắc chắn, phù hợp cho các thể loại nhạc mạnh.', 'JS08'),
('CT_JS09', 'Guitar điện Jackson Limited Edition, âm thanh sắc nét và thiết kế độc đáo.', 'Chất liệu: Gỗ, Độ dài cần: 25.5 inch, Màu sắc: Đỏ, Phím: 24, Bộ pickup: HSS', 'Thiết kế giới hạn, âm thanh sắc nét, phục vụ cho các biểu diễn chuyên nghiệp.', 'JS09'),
('CT_KC03', 'Đàn piano cơ Kohler & Campbell KIG50D với âm thanh tự nhiên và thiết kế sang trọng.', 'Chất liệu: Gỗ, Kích thước: 151 x 100 x 60 cm, Màu sắc: Gỗ tự nhiên', 'Âm thanh tự nhiên, thiết kế sang trọng, phù hợp cho gia đình và trường học.', 'KC03'),
('CT_KC04', 'Piano cơ Kohler & Campbell KIG-48, cho âm thanh trong trẻo và độ bền vượt trội.', 'Chất liệu: Gỗ, Kích thước: 149 x 100 x 60 cm, Màu sắc: Đen bóng', 'Âm thanh trong trẻo, độ bền cao, phù hợp cho những ai yêu thích piano cổ điển.', 'KC04'),
('CT_KG01', 'Piano cơ Kawai GL-50, âm thanh tuyệt vời với cảm giác bàn phím mềm mại và chính xác.', 'Chất liệu: Gỗ, Kích thước: 151 x 100 x 60 cm, Màu sắc: Gỗ tự nhiên', 'Bàn phím mềm mại, âm thanh tuyệt vời, phù hợp cho học viên và các nghệ sĩ biểu diễn.', 'KG01'),
('CT_KG02', 'Piano Kawai GL-20 với chất lượng âm thanh vượt trội và thiết kế tinh tế.', 'Chất liệu: Gỗ, Kích thước: 149 x 100 x 60 cm, Màu sắc: Đen bóng', 'Thiết kế tinh tế, âm thanh vượt trội, phù hợp cho các buổi biểu diễn chuyên nghiệp.', 'KG02'),
('CT_KG08', 'Piano Kawai GX-2, cho âm thanh ấm áp và bàn phím dễ sử dụng, thích hợp cho mọi cấp độ người chơi.', 'Chất liệu: Gỗ, Kích thước: 151 x 100 x 60 cm, Màu sắc: Gỗ tự nhiên', 'Bàn phím dễ sử dụng, âm thanh ấm áp, lý tưởng cho cả người mới bắt đầu và các nghệ sĩ biểu diễn.', 'KG08'),
('CT_KG09', 'Piano cơ Kawai GX-6, âm thanh vượt trội, lý tưởng cho các buổi hòa nhạc và studio.', 'Chất liệu: Gỗ, Kích thước: 151 x 100 x 60 cm, Màu sắc: Đen bóng', 'Âm thanh vượt trội, lý tưởng cho các buổi hòa nhạc và studio chuyên nghiệp.', 'KG09'),
('CT_KK02', 'Piano cơ Kawai K-15E với âm thanh mượt mà và độ bền cao, thích hợp cho gia đình và trường học.', 'Chất liệu: Gỗ, Kích thước: 149 x 100 x 60 cm, Màu sắc: Đen bóng', 'Âm thanh mượt mà, độ bền cao, dễ dàng sử dụng cho gia đình và trường học.', 'KK02'),
('CT_KK03', 'Piano cơ Kawai K-300 với chất lượng âm thanh đỉnh cao và thiết kế tinh tế.', 'Chất liệu: Gỗ, Kích thước: 149 x 100 x 60 cm, Màu sắc: Gỗ tự nhiên', 'Âm thanh đỉnh cao, thiết kế tinh tế, phù hợp cho những người chơi chuyên nghiệp.', 'KK03'),
('CT_KN01', 'Piano cơ Kawai ND-21, âm thanh tuyệt vời và thiết kế dễ dàng sử dụng cho người mới bắt đầu.', 'Chất liệu: Gỗ, Kích thước: 145 x 100 x 60 cm, Màu sắc: Đen bóng', 'Thiết kế dễ sử dụng, âm thanh tuyệt vời, phù hợp cho người mới bắt đầu.', 'KN01'),
('CT_LG13', 'Chân đỡ guitar Lazer GS-024, thiết kế chắc chắn và dễ dàng điều chỉnh cho các loại guitar khác nhau.', 'Chất liệu: Kim loại, Điều chỉnh độ cao: Có, Kích thước: 40 x 30 x 70 cm', 'Thiết kế chắc chắn, dễ điều chỉnh, phù hợp cho nhiều loại guitar.', 'LG13'),
('CT_LG14', 'Chân đỡ guitar Lazer GH-018, giá rẻ và dễ dàng sử dụng cho guitar acoustic và electric.', 'Chất liệu: Kim loại, Điều chỉnh độ cao: Có, Kích thước: 40 x 30 x 70 cm', 'Giá rẻ, dễ sử dụng, thích hợp cho guitar acoustic và electric.', 'LG14'),
('CT_OC08', 'Dàn trống Odery Cafekit với âm thanh tuyệt vời, dễ sử dụng cho cả người mới và người chơi chuyên nghiệp.', 'Chất liệu: Gỗ, Bộ trống: 5, Màu sắc: Đỏ', 'Âm thanh tuyệt vời, dễ sử dụng, phù hợp cho người mới và chuyên nghiệp.', 'OC08'),
('CT_OE07', 'Dàn trống Odery EYEDENTITY, phù hợp cho biểu diễn và luyện tập chuyên nghiệp.', 'Chất liệu: Gỗ, Bộ trống: 5, Màu sắc: Đen', 'Âm thanh mạnh mẽ, thiết kế chuyên nghiệp, phù hợp cho biểu diễn.', 'OE07'),
('CT_OF06', 'Dàn trống Odery Fuluence FL với âm thanh mạnh mẽ và thiết kế hiện đại.', 'Chất liệu: Gỗ, Bộ trống: 5, Màu sắc: Đen', 'Thiết kế hiện đại, âm thanh mạnh mẽ, thích hợp cho các buổi biểu diễn lớn.', 'OF06'),
('CT_OI04', 'Dàn trống Odery InRock IR, mang lại âm thanh tuyệt vời cho người chơi trống.', 'Chất liệu: Gỗ, Bộ trống: 5, Màu sắc: Đỏ', 'Âm thanh tuyệt vời, phù hợp cho các buổi biểu diễn và luyện tập.', 'OI04'),
('CT_OI05', 'Dàn trống Odery InRock IIR, chất lượng cao với âm thanh mạnh mẽ, phù hợp cho các buổi biểu diễn.', 'Chất liệu: Gỗ, Bộ trống: 5, Màu sắc: Đen', 'Âm thanh mạnh mẽ, chất lượng cao, phù hợp cho các buổi biểu diễn chuyên nghiệp.', 'OI05'),
('CT_ON03', 'Cặp dù trống ONIIX 7A với chất liệu cao cấp, bền bỉ, mang lại âm thanh rõ ràng và mạnh mẽ.', 'Chất liệu: Gỗ, Đường kính: 7A', 'Chất liệu cao cấp, bền bỉ, âm thanh rõ ràng, phù hợp cho các buổi biểu diễn.', 'ON03'),
('CT_PD02', 'Dàn trống Pearl DMP943XP với chất lượng âm thanh sắc nét, phù hợp cho các buổi biểu diễn và luyện tập.', 'Kích thước trống: 10", 12", 16", 22". Bộ bao gồm: 1 trống bass, 1 snare, 3 toms, cymbals.', 'Chất liệu gỗ: Maple, Kiểu dáng thiết kế đẹp, Chất lượng âm thanh sắc nét.', 'PD02'),
('CT_PE01', 'Dàn trống Pearl EXA725XSP với thiết kế sang trọng và âm thanh vượt trội, lý tưởng cho các nhạc sĩ chuyên nghiệp.', 'Kích thước trống: 10", 12", 16", 22". Bộ bao gồm: 1 trống bass, 1 snare, 3 toms, cymbals.', 'Chất liệu gỗ: Mahogany, Dễ dàng điều chỉnh âm thanh, Âm thanh mạnh mẽ và chi tiết.', 'PE01'),
('CT_PR03', 'Dàn trống Pearl Roadshow với âm thanh mạnh mẽ, chất lượng tốt cho người mới bắt đầu và người chơi trống cấp trung.', 'Kích thước trống: 10", 12", 14", 20". Bộ bao gồm: 1 trống bass, 1 snare, 3 toms, cymbals.', 'Giá thành hợp lý, Dễ dàng sử dụng cho người mới chơi, Thiết kế chắc chắn và bền bỉ.', 'PR03'),
('CT_PS02', 'Pedal trống Soundking AL303 với chất lượng cao, giúp kiểm soát tốt âm thanh của trống.', 'Chất liệu: Kim loại, Dễ dàng điều chỉnh, Bền bỉ và chắc chắn.', 'Phù hợp với các loại trống cơ, Tạo cảm giác tự nhiên khi chơi, Kiểm soát âm thanh chính xác.', 'PS02'),
('CT_PS03', 'Pedal trống Soundking AL304 với thiết kế chắc chắn, tạo ra âm thanh mượt mà cho các bộ trống điện tử và acoustic.', 'Chất liệu: Kim loại, Dễ dàng điều chỉnh, Độ bền cao.', 'Thiết kế cải tiến, Tạo cảm giác chơi mượt mà, Phù hợp với nhiều loại trống.', 'PS03'),
('CT_RS11', 'Bảng trống Roland SPD-SX-SE với nhiều tính năng tiên tiến, dễ dàng sử dụng và mang lại hiệu suất âm thanh tuyệt vời.', 'Chất liệu: Kim loại, Kết nối USB, 8 pad cảm ứng.', 'Hỗ trợ nhiều hiệu ứng âm thanh, Tính năng ghi âm và phát lại, Điều chỉnh âm lượng độc lập cho từng pad.', 'RS11'),
('CT_RS12', 'Bảng trống Roland SPD-20X, sản phẩm đáng tin cậy cho các nhạc sĩ, với tính năng điều chỉnh âm thanh linh hoạt.', 'Chất liệu: Kim loại, 12 pad cảm ứng, Kết nối MIDI.', 'Điều chỉnh âm thanh linh hoạt, Tính năng ghi âm, Phù hợp cho biểu diễn và luyện tập.', 'RS12'),
('CT_RT07', 'Dàn trống điện Roland TD-07KV với thiết kế hoàn hảo, mang đến âm thanh chất lượng cao và dễ dàng tùy chỉnh.', 'Trống bass 20", trống snare 12", 3 toms 8", 10", 12", 3 cymbals.', 'Chất liệu vỏ trống cao cấp, Âm thanh sống động, Cảm giác tự nhiên khi chơi.', 'RT07'),
('CT_RT08', 'Dàn trống điện Roland TD-17KL, lý tưởng cho những người chơi trống chuyên nghiệp với tính năng âm thanh vượt trội.', 'Kích thước: 10", 12", 14", 20". Bộ bao gồm: Trống bass, snare, 3 toms, 3 cymbals.', 'Thiết kế bền bỉ, Tính năng tùy chỉnh âm thanh chuyên nghiệp, Cảm giác chơi tuyệt vời.', 'RT08'),
('CT_RT09', 'Dàn trống điện Roland TD-1DMK, thiết kế nhỏ gọn và dễ sử dụng, rất phù hợp cho việc luyện tập hàng ngày.', 'Kích thước: 8", 10", 12", 14". Bộ bao gồm: 1 trống bass, snare, 3 toms, cymbals.', 'Dễ sử dụng, Kết nối USB cho các phần mềm học trống, Chất lượng âm thanh cao.', 'RT09'),
('CT_RT10', 'Dàn trống điện Roland TD-50K, chất lượng âm thanh tuyệt vời cho các nhạc sĩ chuyên nghiệp, thiết kế tinh tế và linh hoạt.', 'Kích thước trống: 10", 12", 14", 20". Bộ bao gồm: Trống bass, snare, 3 toms, 3 cymbals.', 'Chất liệu trống cao cấp, Âm thanh rõ ràng, Điều chỉnh linh hoạt và đa dạng.', 'RT10'),
('CT_SA10', 'Guitar điện Squier Affinity với thiết kế dễ sử dụng, phù hợp cho người mới bắt đầu học chơi đàn guitar.', 'Cấu trúc: Gỗ Alder, Mặt phím gỗ, Bộ pickup single-coil.', 'Dễ dàng chơi và điều chỉnh, Chất âm rõ ràng, Phù hợp với người mới chơi.', 'SA10'),
('CT_SD11', 'Chân đỡ guitar Soundking DG062, thiết kế bền bỉ và chắc chắn, dễ dàng điều chỉnh phù hợp với mọi loại guitar.', 'Chất liệu: Kim loại, Chân đỡ có thể điều chỉnh.', 'Độ bền cao, Dễ dàng điều chỉnh, Thích hợp cho nhiều loại đàn guitar.', 'SD11'),
('CT_SJ04', 'Đàn guitar Samick JS115D/EBHP với âm thanh sắc nét, thiết kế tinh tế phù hợp cho người chơi guitar chuyên nghiệp.', 'Cấu trúc: Gỗ Mahogany, Mặt phím Rosewood, Bộ pickup humbucker.', 'Thiết kế đẹp, Âm thanh sắc nét, Phù hợp với nhạc sĩ chuyên nghiệp.', 'SJ04'),
('CT_SJ05', 'Guitar Samick JS121MD/MAHP với thiết kế độc đáo, âm thanh mạnh mẽ, dành cho những người đam mê guitar.', 'Cấu trúc: Gỗ Mahogany, Pickup: Humbucker.', 'Thiết kế độc đáo, Âm thanh mạnh mẽ, Phù hợp cho người đam mê guitar.', 'SJ05'),
('CT_SJ06', 'Đàn guitar Samick JS121FD, với âm thanh tuyệt vời và chất lượng vượt trội, lý tưởng cho các nhạc sĩ chuyên nghiệp.', 'Cấu trúc: Gỗ Maple, Pickup humbucker.', 'Thiết kế hiện đại, Âm thanh tuyệt vời, Độ bền cao.', 'SJ06'),
('CT_SJ07', 'Guitar Samick J310B/WHHP với âm thanh rõ ràng, thiết kế hiện đại, phù hợp cho các nhạc sĩ biểu diễn trên sân khấu.', 'Cấu trúc: Gỗ Mahogany, Pickup: Humbucker.', 'Chất âm rõ ràng, Thiết kế hiện đại, Phù hợp cho biểu diễn.', 'SJ07'),
('CT_SJ08', 'Guitar Samick JS115EB/EBHP với âm thanh nổi bật và thiết kế tinh xảo, dành cho người chơi guitar chuyên nghiệp.', 'Cấu trúc: Gỗ Mahogany, Pickup humbucker.', 'Âm thanh nổi bật, Thiết kế tinh xảo, Đặc biệt phù hợp cho nhạc sĩ chuyên nghiệp.', 'SJ08'),
('CT_SK05', 'Piano cơ Shigeru Kawai SK-2, với âm thanh tuyệt vời, độ nhạy cao và thiết kế hoàn hảo cho các buổi hòa nhạc.', 'Kích thước: 88 phím, Cơ cấu: Grand Piano.', 'Âm thanh trong trẻo, Cảm giác phím mượt mà, Phù hợp cho biểu diễn và thu âm.', 'SK05'),
('CT_SK06', 'Piano Shigeru Kawai SK-3 với chất lượng âm thanh trong trẻo và thiết kế sang trọng, phù hợp cho những ai yêu thích piano cổ điển.', 'Kích thước: 88 phím, Cơ cấu: Grand Piano.', 'Âm thanh tuyệt vời, Thiết kế sang trọng, Phù hợp với yêu cầu biểu diễn cao.', 'SK06'),
('CT_SK07', 'Piano cơ Shigeru Kawai SK-5, âm thanh tuyệt hảo với độ nhạy hoàn hảo, thích hợp cho nhạc sĩ chuyên nghiệp.', 'Kích thước: 88 phím, Cơ cấu: Grand Piano.', 'Độ nhạy phím cao, Âm thanh tuyệt hảo, Thiết kế tinh xảo, Phù hợp với nhạc sĩ chuyên nghiệp.', 'SK07'),
('CT_TC12', 'Chân đỡ đàn guitar Taylor Compact Folding, dễ gấp gọn và tiện lợi khi mang theo trong các buổi biểu diễn.', 'Kích thước: Gấp gọn, Chất liệu: Kim loại và nhựa cứng, Trọng lượng nhẹ.', 'Dễ dàng gấp gọn, Tiện lợi mang theo, Phù hợp với nhiều loại đàn guitar.', 'TC12'),
('CT_Test1', 'Guitar Takamine GC5 NAT với âm thanh ấm áp và cân bằng, lý tưởng cho các nhạc sĩ chơi đệm hát.', 'Cấu trúc: Gỗ Sitka Spruce mặt trước, Gỗ Mahogany mặt sau, Dây đàn: Bronze.', 'Âm thanh ấm áp, Cân bằng, Thiết kế đẹp, Phù hợp cho đệm hát và biểu diễn.', 'Test1'),
('CT_TG04', 'Guitar acoustic Tanglewood TWCR với thiết kế đẹp mắt, âm thanh trung thực, phù hợp cho người mới học chơi.', 'Cấu trúc: Gỗ Spruce mặt trước, Gỗ Mahogany mặt sau, Dây đàn: Bronze.', 'Dễ chơi, Thiết kế gọn nhẹ, Âm thanh rõ ràng, Phù hợp cho người mới học chơi.', 'TG04'),
('CT_TG05', 'Dây guitar Taylor GSM200-06 với chất liệu cao cấp, mang lại âm thanh sắc nét và dễ dàng bấm hợp âm.', 'Chất liệu: Phosphor Bronze, Kích thước: Medium, Dây đàn cho âm thanh sắc nét.', 'Dễ dàng bấm hợp âm, Âm thanh sáng và rõ ràng, Phù hợp với nhiều loại guitar.', 'TG05'),
('CT_TG06', 'Dây guitar Taylor GSM200-01 cho âm thanh ấm áp và dễ chơi, là lựa chọn tuyệt vời cho những người yêu thích đàn guitar acoustic.', 'Chất liệu: Phosphor Bronze, Kích thước: Light, Dây đàn tạo âm thanh ấm áp.', 'Dễ chơi, Âm thanh ấm áp, Thích hợp cho các buổi biểu diễn acoustic.', 'TG06'),
('CT_TL01', 'Guitar Taylor 114CE-S với thiết kế đẹp và âm thanh tuyệt vời, phù hợp cho những buổi biểu diễn và ghi âm chuyên nghiệp.', 'Cấu trúc: Gỗ Sitka Spruce mặt trước, Gỗ Sapele mặt sau, Dây đàn: Elixir.', 'Thiết kế đẹp, Âm thanh tuyệt vời, Phù hợp cho biểu diễn và thu âm chuyên nghiệp.', 'TL01'),
('CT_ZZ04', 'Cặp cymbal Zildjian Z5ANA với âm thanh sáng và mạnh mẽ, là lựa chọn hoàn hảo cho các buổi diễn và luyện tập.', 'Đường kính: 14 inch, Chất liệu: Bronze, Âm thanh sáng và mạnh mẽ.', 'Tạo âm thanh mạnh mẽ, Sử dụng cho luyện tập và biểu diễn, Độ bền cao.', 'ZZ04'),
('CT_ZZ05', 'Cặp cymbal Zildjian Z5A mang lại âm thanh sắc nét và dễ điều chỉnh, phù hợp với nhiều thể loại nhạc khác nhau.', 'Đường kính: 14 inch, Chất liệu: Bronze, Âm thanh sắc nét.', 'Dễ dàng điều chỉnh, Phù hợp với nhiều thể loại nhạc, Thích hợp cho biểu diễn.', 'ZZ05'),
('CT_ZZ06', 'Cặp cymbal Zildjian Z5ANBU với âm thanh mượt mà và độ bền cao, phù hợp cho các nhạc sĩ chơi nhạc sống.', 'Đường kính: 14 inch, Chất liệu: Bronze, Âm thanh mượt mà.', 'Độ bền cao, Âm thanh mượt mà, Phù hợp cho các buổi biểu diễn trực tiếp.', 'ZZ06'),
('CT_ZZ07', 'Cặp cymbal Zildjian Z5AND cho âm thanh rõ ràng và sắc nét, lý tưởng cho các buổi biểu diễn và ghi âm.', 'Đường kính: 14 inch, Chất liệu: Bronze, Âm thanh sắc nét và rõ ràng.', 'Tạo âm thanh rõ ràng, Phù hợp cho biểu diễn và thu âm, Chất lượng cao.', 'ZZ07'),
('CT_ZZ08', 'Cặp cymbal Zildjian Z5ANDP với âm thanh mạnh mẽ, dễ sử dụng, phù hợp với nhiều thể loại âm nhạc.', 'Đường kính: 14 inch, Chất liệu: Bronze, Âm thanh mạnh mẽ.', 'Dễ sử dụng, Phù hợp với nhiều thể loại âm nhạc, Độ bền cao.', 'ZZ08'),
('CT_ZZ09', 'Cặp cymbal Zildjian 5AWN với thiết kế đặc biệt, mang đến âm thanh mạnh mẽ và phù hợp cho các buổi hòa nhạc lớn.', 'Đường kính: 14 inch, Chất liệu: Bronze, Âm thanh mạnh mẽ.', 'Thiết kế đặc biệt, Tạo âm thanh mạnh mẽ, Thích hợp cho các buổi hòa nhạc.', 'ZZ09'),
('CT_ZZ10', 'Cặp cymbal Zildjian Z5BNR với âm thanh sắc nét, lý tưởng cho các nhạc sĩ yêu thích âm thanh mạnh mẽ và sáng.', 'Đường kính: 14 inch, Chất liệu: Bronze, Âm thanh sắc nét và mạnh mẽ.', 'Âm thanh mạnh mẽ và sáng, Phù hợp cho nhạc sĩ yêu thích âm thanh sắc nét, Độ bền cao.', 'ZZ10');
